customer_id,tenure_months,monthly_spend,support_calls,contract_type,auto_pay,digital_engagement,outage_exposure,target
BM-1000,8,107.57,1,monthly,0,7.21,0,0
BM-1001,65,225.97,1,monthly,0,2.83,0,1
BM-1002,55,199.21,2,biennial,1,7.04,0,1
BM-1003,37,311.04,1,monthly,0,6.37,0,1
BM-1004,36,203.11,0,monthly,1,2.22,3,1
BM-1005,72,201.32,4,monthly,0,1.47,1,1
BM-1006,8,170.82,3,monthly,1,7.37,0,0
BM-1007,58,224.92,5,annual,1,5.06,0,1
BM-1008,17,214.38,1,biennial,0,2.96,3,1
BM-1009,8,248.84,2,monthly,0,5.0,0,1
BM-1010,44,151.33,1,biennial,0,6.09,1,0
BM-1011,81,156.05,4,annual,1,5.24,1,0
BM-1012,62,153.65,1,monthly,1,2.45,0,0
BM-1013,64,223.49,0,monthly,0,8.98,3,1
BM-1014,60,262.41,1,monthly,0,7.31,0,1
BM-1015,66,154.76,3,biennial,1,4.76,2,0
BM-1016,43,156.64,3,monthly,0,4.84,1,0
BM-1017,11,197.27,1,monthly,1,6.08,0,0
BM-1018,70,166.48,1,annual,1,3.25,2,0
BM-1019,38,232.36,2,biennial,0,6.01,0,1
BM-1020,42,56.15,6,annual,1,2.87,2,0
BM-1021,31,134.53,1,annual,0,5.27,0,0
BM-1022,16,136.97,3,monthly,0,3.18,2,1
BM-1023,77,52.38,0,biennial,1,3.28,0,0
BM-1024,65,127.0,2,monthly,1,8.53,2,0
BM-1025,54,129.67,2,monthly,1,5.51,2,0
BM-1026,34,168.94,2,biennial,1,5.79,1,0
BM-1027,69,241.21,0,monthly,0,1.58,0,1
BM-1028,46,166.52,3,monthly,1,4.27,0,1
BM-1029,37,123.31,3,annual,1,6.28,1,0
BM-1030,38,176.87,0,monthly,0,5.77,1,0
BM-1031,19,237.7,5,monthly,0,1.31,0,1
BM-1032,8,126.32,0,annual,1,5.79,0,0
BM-1033,47,129.92,3,annual,1,6.1,2,0
BM-1034,74,210.72,2,annual,0,7.84,0,0
BM-1035,6,167.82,3,monthly,1,4.16,0,1
BM-1036,72,215.61,0,monthly,0,1.14,3,1
BM-1037,69,179.25,3,annual,0,3.51,1,0
BM-1038,23,218.59,3,monthly,0,3.32,0,1
BM-1039,53,123.07,1,monthly,1,6.8,0,0
BM-1040,14,179.34,2,monthly,0,0.5,0,1
BM-1041,63,168.41,1,monthly,1,4.55,0,0
BM-1042,59,113.13,1,monthly,0,8.11,1,1
BM-1043,30,94.01,2,annual,1,5.41,2,0
BM-1044,6,217.72,3,biennial,1,7.1,0,1
BM-1045,81,160.7,5,monthly,0,2.28,1,0
BM-1046,37,123.77,4,annual,1,2.36,0,1
BM-1047,75,174.71,1,monthly,0,8.13,1,0
BM-1048,57,242.04,5,monthly,0,5.59,2,1
BM-1049,65,54.56,3,annual,1,5.6,1,0
BM-1050,64,97.68,1,monthly,1,3.28,1,0
BM-1051,17,129.24,3,biennial,0,5.59,2,0
BM-1052,31,260.36,2,monthly,1,3.22,0,1
BM-1053,39,195.54,0,monthly,0,7.66,0,1
BM-1054,42,222.2,3,monthly,1,10.0,1,1
BM-1055,4,117.29,4,monthly,1,6.32,0,1
BM-1056,46,118.43,0,biennial,1,4.19,2,1
BM-1057,13,204.63,1,annual,1,0.59,1,1
BM-1058,62,183.21,0,monthly,1,2.2,0,0
BM-1059,57,210.18,4,monthly,1,8.35,1,1
BM-1060,77,169.68,2,annual,0,3.44,2,0
BM-1061,62,195.3,4,annual,0,4.7,1,0
BM-1062,31,188.7,1,monthly,1,6.65,1,1
BM-1063,81,222.78,1,monthly,0,8.22,1,0
BM-1064,35,224.39,2,monthly,1,5.02,1,0
BM-1065,28,90.91,1,monthly,0,4.63,1,0
BM-1066,76,56.4,0,monthly,1,5.54,0,0
BM-1067,31,235.1,1,monthly,0,4.21,1,1
BM-1068,7,245.32,2,monthly,1,4.31,0,1
BM-1069,39,123.87,1,monthly,1,6.18,0,0
BM-1070,67,77.71,2,monthly,0,5.75,0,0
BM-1071,16,185.45,1,biennial,1,9.45,3,0
BM-1072,39,231.2,3,annual,1,6.23,2,1
BM-1073,11,278.87,1,monthly,0,7.59,0,1
BM-1074,57,208.4,1,monthly,0,3.36,2,1
BM-1075,40,159.56,3,monthly,1,6.4,0,1
BM-1076,28,130.88,2,annual,1,4.03,0,0
BM-1077,19,180.63,0,monthly,0,6.15,0,1
BM-1078,47,163.54,0,monthly,1,6.71,1,0
BM-1079,56,124.17,2,biennial,0,5.49,2,0
BM-1080,79,292.68,3,annual,0,9.97,2,1
BM-1081,37,278.18,3,annual,1,8.11,1,0
BM-1082,14,242.48,4,monthly,0,7.64,0,1
BM-1083,70,129.35,2,monthly,0,6.85,0,1
BM-1084,53,227.03,2,annual,1,8.75,0,1
BM-1085,59,215.18,1,monthly,0,2.67,0,1
BM-1086,9,204.34,2,annual,0,8.0,1,1
BM-1087,26,248.73,1,annual,1,3.52,1,0
BM-1088,64,214.95,2,monthly,1,4.33,1,0
BM-1089,70,220.7,0,monthly,1,6.47,2,1
BM-1090,37,215.03,0,monthly,1,7.74,1,0
BM-1091,67,198.74,2,monthly,1,3.21,2,1
BM-1092,70,81.9,1,annual,0,4.43,0,1
BM-1093,33,184.6,3,annual,1,5.59,0,0
BM-1094,75,149.41,3,monthly,0,5.05,2,0
BM-1095,24,109.61,1,annual,0,7.02,0,0
BM-1096,20,272.5,5,monthly,1,10.0,0,1
BM-1097,57,275.09,2,annual,1,6.2,1,0
BM-1098,53,254.76,5,monthly,1,4.0,0,1
BM-1099,12,194.04,0,annual,0,2.94,1,1
BM-1100,70,254.28,2,annual,0,4.78,1,0
BM-1101,17,180.66,1,monthly,1,3.61,0,1
BM-1102,67,191.15,2,monthly,1,6.29,1,0
BM-1103,1,119.86,2,annual,1,6.26,0,0
BM-1104,67,201.83,5,monthly,0,4.52,3,1
BM-1105,66,183.32,4,annual,0,9.17,0,1
BM-1106,65,108.35,3,biennial,1,4.0,0,0
BM-1107,56,177.18,1,biennial,1,5.17,2,1
BM-1108,40,175.61,2,monthly,0,6.61,1,1
BM-1109,59,278.87,3,annual,0,7.09,1,1
BM-1110,24,229.18,5,biennial,0,7.83,0,0
BM-1111,65,180.63,0,monthly,0,6.21,2,1
BM-1112,47,193.68,3,monthly,1,7.4,0,1
BM-1113,39,182.43,0,monthly,0,4.14,1,1
BM-1114,42,168.84,2,annual,1,7.14,1,0
BM-1115,48,120.47,3,monthly,1,7.12,0,0
BM-1116,4,171.69,4,monthly,1,8.27,0,1
BM-1117,12,138.96,0,monthly,1,2.23,0,1
BM-1118,21,111.23,1,annual,0,3.68,1,0
BM-1119,10,208.12,3,monthly,0,6.96,1,1
BM-1120,37,201.52,0,biennial,0,0.5,1,1
BM-1121,56,81.73,2,annual,1,6.33,0,0
BM-1122,55,173.25,2,biennial,0,7.41,2,0
BM-1123,40,234.76,3,biennial,0,4.3,0,0
BM-1124,71,238.26,4,monthly,0,4.58,1,1
BM-1125,47,236.42,2,annual,0,3.36,0,1
BM-1126,7,182.14,4,monthly,1,4.41,0,1
BM-1127,64,133.52,5,biennial,1,4.46,0,0
BM-1128,48,120.4,0,monthly,1,4.1,1,0
BM-1129,53,198.95,0,annual,1,4.0,1,0
BM-1130,47,200.86,2,annual,0,4.89,0,0
BM-1131,46,250.8,2,monthly,0,4.86,1,1
BM-1132,8,240.5,1,annual,0,8.96,0,0
BM-1133,47,172.73,3,monthly,1,4.65,1,0
BM-1134,66,111.57,6,monthly,1,6.05,0,0
BM-1135,26,162.45,0,monthly,0,4.3,0,0
BM-1136,51,191.95,4,monthly,1,4.28,1,1
BM-1137,3,168.89,2,annual,0,2.16,2,0
BM-1138,29,148.22,1,biennial,0,2.41,0,0
BM-1139,37,193.91,3,monthly,1,3.11,1,1
BM-1140,82,152.28,1,monthly,1,5.75,2,0
BM-1141,18,145.46,4,biennial,1,7.44,1,0
BM-1142,23,197.13,1,annual,1,2.01,0,1
BM-1143,34,157.89,1,monthly,0,4.36,0,1
BM-1144,83,193.43,0,biennial,1,2.8,1,0
BM-1145,71,195.03,4,monthly,1,4.9,1,1
BM-1146,3,117.33,1,annual,1,7.44,1,0
BM-1147,20,153.53,0,monthly,0,4.55,1,0
BM-1148,69,259.08,2,annual,1,5.31,0,0
BM-1149,5,116.09,4,monthly,0,8.16,1,0
BM-1150,72,63.58,2,monthly,0,6.27,0,0
BM-1151,24,77.6,1,annual,1,3.96,1,0
BM-1152,77,181.6,1,monthly,1,5.7,0,1
BM-1153,25,181.7,1,monthly,1,3.83,0,1
BM-1154,37,173.53,2,annual,1,6.2,2,0
BM-1155,55,246.78,4,annual,0,6.38,0,1
BM-1156,11,32.99,1,monthly,1,2.8,1,0
BM-1157,47,201.78,1,monthly,0,5.73,2,1
BM-1158,42,265.88,4,biennial,1,5.18,0,1
BM-1159,66,117.97,2,monthly,0,6.43,0,1
BM-1160,83,159.11,1,monthly,1,6.98,1,0
BM-1161,56,138.59,2,monthly,1,6.31,4,1
BM-1162,34,130.81,4,monthly,1,4.82,1,1
BM-1163,34,162.06,1,biennial,0,7.17,0,0
BM-1164,35,258.51,6,monthly,0,3.74,0,1
BM-1165,68,281.06,3,monthly,0,2.89,0,1
BM-1166,27,161.52,1,monthly,0,0.5,0,1
BM-1167,14,284.78,0,monthly,1,5.27,1,1
BM-1168,28,181.96,4,monthly,0,3.84,2,0
BM-1169,2,276.45,1,biennial,1,6.16,1,1
BM-1170,9,174.87,2,annual,0,1.65,0,1
BM-1171,8,187.21,3,monthly,0,4.17,0,1
BM-1172,65,200.1,6,monthly,1,6.29,0,1
BM-1173,60,354.84,4,monthly,0,3.44,0,1
BM-1174,58,226.82,1,monthly,0,6.18,0,1
BM-1175,39,141.1,2,annual,0,4.34,0,1
BM-1176,60,233.29,1,monthly,0,5.34,0,1
BM-1177,14,160.1,3,annual,1,6.53,1,0
BM-1178,75,153.06,3,biennial,0,7.21,3,0
BM-1179,42,229.97,2,monthly,0,5.58,1,0
BM-1180,78,181.71,4,biennial,1,3.85,2,0
BM-1181,13,195.32,2,monthly,1,4.53,1,1
BM-1182,42,180.77,3,monthly,1,6.61,0,1
BM-1183,58,198.51,2,annual,0,3.46,1,1
BM-1184,42,203.37,5,monthly,1,5.06,1,1
BM-1185,38,73.47,1,monthly,0,4.67,0,0
BM-1186,14,216.66,4,annual,0,5.2,0,1
BM-1187,32,125.99,4,monthly,1,3.48,2,0
BM-1188,20,100.67,1,biennial,1,1.88,0,0
BM-1189,26,176.79,2,monthly,1,6.39,0,1
BM-1190,57,184.62,1,annual,1,7.23,2,1
BM-1191,53,141.86,1,monthly,0,1.99,0,1
BM-1192,51,225.71,1,monthly,1,6.1,0,1
BM-1193,31,106.18,3,monthly,1,7.46,1,0
BM-1194,80,157.62,1,annual,0,6.53,0,0
BM-1195,8,147.83,2,monthly,0,4.61,3,1
BM-1196,29,177.44,2,biennial,0,3.61,0,0
BM-1197,10,195.34,2,monthly,1,5.55,4,1
BM-1198,29,124.57,2,monthly,0,5.87,0,0
BM-1199,80,219.84,3,monthly,0,5.58,0,0
BM-1200,31,183.47,2,monthly,1,5.06,1,1
BM-1201,76,75.94,2,biennial,1,3.34,4,0
BM-1202,42,72.28,1,monthly,0,6.2,0,1
BM-1203,59,179.32,0,annual,1,6.29,1,0
BM-1204,38,167.85,3,monthly,1,5.78,0,1
BM-1205,23,174.31,6,monthly,1,5.61,2,1
BM-1206,64,178.46,1,annual,0,8.59,0,0
BM-1207,81,192.41,1,biennial,0,4.21,1,0
BM-1208,22,232.12,5,annual,1,7.83,1,1
BM-1209,65,118.89,2,monthly,0,4.01,1,0
BM-1210,22,115.54,3,annual,1,7.51,1,0
BM-1211,60,119.87,1,annual,0,7.74,1,0
BM-1212,66,195.89,0,monthly,1,4.84,0,0
BM-1213,38,248.47,0,annual,1,8.56,0,0
BM-1214,62,156.28,2,monthly,1,6.29,1,1
BM-1215,23,42.41,4,annual,1,3.73,0,0
BM-1216,7,86.28,1,biennial,1,4.69,0,0
BM-1217,9,134.18,5,biennial,0,7.55,0,0
BM-1218,38,149.32,4,annual,0,7.15,0,0
BM-1219,75,157.54,1,annual,1,3.39,1,0
BM-1220,11,182.12,1,annual,1,5.14,0,0
BM-1221,38,162.85,2,monthly,1,5.79,1,1
BM-1222,59,237.71,0,monthly,1,4.44,2,1
BM-1223,17,142.82,2,monthly,0,9.88,1,0
BM-1224,60,132.57,0,monthly,1,5.84,2,0
BM-1225,26,206.34,2,biennial,1,5.28,1,1
BM-1226,68,95.54,2,biennial,1,7.66,2,0
BM-1227,49,201.43,1,monthly,1,4.71,3,1
BM-1228,46,185.64,4,monthly,1,7.31,2,1
BM-1229,15,171.89,3,annual,1,2.23,2,1
BM-1230,39,267.36,4,monthly,0,4.54,1,1
BM-1231,72,145.78,1,annual,1,7.39,2,0
BM-1232,2,293.32,0,biennial,0,8.38,0,1
BM-1233,63,167.6,3,monthly,0,3.93,0,0
BM-1234,41,109.76,2,monthly,0,3.71,1,1
BM-1235,60,183.85,0,monthly,1,6.48,3,1
BM-1236,56,120.81,2,monthly,0,4.22,1,0
BM-1237,36,138.65,2,monthly,1,4.89,1,0
BM-1238,26,201.84,5,monthly,1,7.07,1,1
BM-1239,53,210.56,2,monthly,1,4.37,0,1
BM-1240,12,145.78,0,monthly,0,1.67,2,0
BM-1241,49,234.31,1,monthly,0,2.93,1,1
BM-1242,8,243.66,3,annual,1,5.42,0,1
BM-1243,54,259.0,2,monthly,1,1.86,1,1
BM-1244,53,209.12,1,biennial,1,4.84,1,1
BM-1245,8,254.99,1,monthly,1,2.76,1,1
BM-1246,63,76.56,2,monthly,1,8.52,1,0
BM-1247,35,162.52,1,monthly,1,9.51,1,0
BM-1248,66,132.31,2,annual,1,3.39,0,0
BM-1249,4,186.56,1,monthly,1,5.89,0,1
BM-1250,15,148.57,1,monthly,1,3.58,0,1
BM-1251,42,170.86,1,monthly,0,4.81,0,0
BM-1252,16,283.52,4,biennial,0,8.83,1,1
BM-1253,28,170.67,3,monthly,0,4.51,0,0
BM-1254,55,202.76,2,monthly,1,4.86,1,0
BM-1255,12,167.23,4,annual,1,3.61,0,1
BM-1256,57,184.16,3,monthly,0,7.58,1,1
BM-1257,9,180.33,3,monthly,1,0.5,0,1
BM-1258,15,204.66,2,annual,0,4.56,1,0
BM-1259,49,244.09,2,monthly,0,5.31,0,1
BM-1260,66,270.61,1,monthly,1,4.14,0,0
BM-1261,15,197.03,0,monthly,0,7.04,0,1
BM-1262,25,212.43,3,monthly,0,7.68,1,1
BM-1263,77,116.7,2,biennial,1,2.72,0,0
BM-1264,83,175.17,4,annual,0,9.38,0,0
BM-1265,49,231.72,0,annual,1,2.7,1,1
BM-1266,38,227.63,1,monthly,1,7.85,1,1
BM-1267,29,191.64,3,annual,1,5.68,1,0
BM-1268,51,228.75,1,annual,1,4.44,0,0
BM-1269,50,206.99,4,monthly,0,4.62,1,1
BM-1270,25,246.02,1,biennial,1,5.34,1,0
BM-1271,2,195.91,3,monthly,0,5.8,1,1
BM-1272,13,160.44,0,annual,0,3.65,1,0
BM-1273,80,198.47,4,monthly,1,4.96,2,0
BM-1274,35,20.0,2,monthly,0,3.94,2,0
BM-1275,41,201.06,1,annual,1,3.09,0,0
BM-1276,39,20.0,1,annual,0,3.85,1,0
BM-1277,65,85.21,2,monthly,1,3.22,0,0
BM-1278,6,204.85,6,monthly,0,4.6,1,1
BM-1279,7,206.26,2,annual,0,6.22,1,1
BM-1280,23,116.07,1,monthly,1,5.63,0,0
BM-1281,41,140.83,1,monthly,1,9.15,1,0
BM-1282,56,255.38,1,annual,1,1.2,1,1
BM-1283,41,153.38,4,monthly,0,6.29,1,1
BM-1284,37,303.36,3,monthly,1,5.41,1,1
BM-1285,78,179.89,1,monthly,1,6.95,0,0
BM-1286,14,202.44,2,biennial,1,6.76,0,1
BM-1287,48,268.93,1,monthly,1,5.09,0,1
BM-1288,46,187.21,2,annual,0,5.73,1,0
BM-1289,40,124.87,0,biennial,1,3.99,0,1
BM-1290,68,173.96,4,annual,1,6.57,1,1
BM-1291,23,178.04,3,monthly,1,1.83,0,1
BM-1292,80,104.94,1,monthly,1,6.88,0,0
BM-1293,28,165.93,3,monthly,1,5.36,0,1
BM-1294,46,139.18,1,annual,1,4.47,2,0
BM-1295,44,230.84,3,biennial,0,4.96,1,1
BM-1296,71,181.9,1,annual,1,5.1,1,0
BM-1297,37,164.45,1,monthly,1,7.86,0,0
BM-1298,24,174.16,3,monthly,1,10.0,0,0
BM-1299,2,192.27,1,biennial,0,7.72,0,0
BM-1300,31,213.92,3,monthly,1,4.33,1,1
BM-1301,69,125.02,5,annual,1,6.6,0,0
BM-1302,1,122.71,1,monthly,1,6.68,0,1
BM-1303,75,240.76,4,annual,0,3.64,5,0
BM-1304,46,157.32,1,annual,0,3.0,0,0
BM-1305,12,102.07,2,monthly,0,5.28,0,1
BM-1306,26,204.41,2,monthly,0,6.93,0,1
BM-1307,46,205.49,2,annual,1,2.34,1,0
BM-1308,27,95.81,2,monthly,0,4.03,0,0
BM-1309,10,192.62,6,monthly,1,6.49,1,1
BM-1310,56,220.46,2,monthly,0,5.48,0,1
BM-1311,56,200.59,0,monthly,0,8.09,0,0
BM-1312,10,214.76,4,annual,1,2.72,1,1
BM-1313,24,102.77,7,monthly,1,9.87,0,1
BM-1314,21,198.21,0,monthly,0,2.48,0,1
BM-1315,55,163.36,0,biennial,0,1.54,1,0
BM-1316,61,153.45,1,monthly,1,5.29,0,1
BM-1317,61,227.88,2,monthly,1,3.24,2,1
BM-1318,78,261.36,4,annual,0,5.33,0,0
BM-1319,64,278.69,1,biennial,1,5.26,0,1
BM-1320,27,252.31,2,annual,0,5.03,1,1
BM-1321,9,173.96,4,annual,1,3.8,2,0
BM-1322,52,199.4,2,monthly,0,6.22,0,1
BM-1323,77,222.18,1,monthly,1,4.8,3,1
BM-1324,81,186.66,2,biennial,1,7.5,3,0
BM-1325,20,187.19,1,biennial,0,5.06,1,0
BM-1326,20,225.31,1,monthly,1,3.57,2,0
BM-1327,4,176.74,3,monthly,0,2.19,0,1
BM-1328,12,139.89,0,monthly,0,5.07,0,0
BM-1329,47,157.2,3,monthly,0,2.99,2,1
BM-1330,46,214.87,2,biennial,0,2.84,0,0
BM-1331,31,180.16,2,annual,1,6.4,1,1
BM-1332,26,198.71,5,monthly,0,2.02,0,1
BM-1333,69,216.85,0,monthly,1,8.08,0,1
BM-1334,39,159.38,2,monthly,0,5.7,0,0
BM-1335,68,221.59,1,monthly,1,5.32,0,0
BM-1336,80,200.84,0,annual,1,3.43,1,0
BM-1337,27,112.09,0,monthly,1,6.85,1,0
BM-1338,17,259.33,4,monthly,0,5.39,0,1
BM-1339,80,152.46,3,annual,0,4.1,0,0
BM-1340,53,88.97,1,biennial,1,5.78,0,0
BM-1341,25,122.52,6,monthly,1,2.2,0,1
BM-1342,52,123.84,2,monthly,1,2.29,1,0
BM-1343,43,182.87,2,monthly,0,3.27,1,1
BM-1344,76,164.94,1,monthly,0,6.06,0,0
BM-1345,22,161.47,0,monthly,1,5.39,0,0
BM-1346,83,214.08,0,annual,1,7.39,1,1
BM-1347,78,198.69,2,monthly,1,3.65,1,0
BM-1348,15,197.38,1,monthly,0,6.49,1,1
BM-1349,14,202.54,0,annual,0,5.18,0,1
BM-1350,45,213.89,3,monthly,1,3.61,0,0
BM-1351,4,64.06,1,annual,1,6.13,0,0
BM-1352,25,159.96,2,annual,0,5.27,0,0
BM-1353,37,60.09,5,annual,1,4.2,1,0
BM-1354,81,181.98,0,annual,1,5.48,1,0
BM-1355,83,179.75,0,annual,0,5.15,0,0
BM-1356,13,237.5,0,annual,0,5.11,1,1
BM-1357,75,245.32,3,monthly,1,4.62,0,0
BM-1358,8,191.15,1,monthly,0,2.92,0,1
BM-1359,63,152.48,1,monthly,1,5.54,0,0
BM-1360,71,206.68,1,monthly,1,3.87,0,0
BM-1361,74,150.96,3,monthly,0,3.46,1,1
BM-1362,19,179.92,1,monthly,1,4.94,1,0
BM-1363,75,234.24,2,monthly,0,6.79,1,1
BM-1364,10,149.32,2,monthly,0,5.75,2,1
BM-1365,44,224.31,1,monthly,1,4.39,0,1
BM-1366,39,217.26,1,annual,1,4.31,2,1
BM-1367,27,127.49,2,monthly,0,6.61,1,0
BM-1368,2,233.56,4,annual,1,0.85,1,1
BM-1369,65,218.42,0,monthly,1,6.91,1,1
BM-1370,28,185.61,4,annual,1,1.84,0,0
BM-1371,55,138.07,3,annual,1,2.71,0,0
BM-1372,35,132.74,0,monthly,0,4.42,0,0
BM-1373,32,150.43,1,biennial,0,9.52,1,0
BM-1374,74,209.84,2,monthly,1,8.59,1,0
BM-1375,8,127.44,0,annual,0,6.74,0,0
BM-1376,62,204.06,1,annual,1,6.08,0,0
BM-1377,62,111.7,2,monthly,0,1.86,0,0
BM-1378,32,168.78,3,annual,0,5.7,0,0
BM-1379,22,186.03,6,monthly,0,4.36,0,1
BM-1380,1,314.48,2,monthly,0,3.85,0,1
BM-1381,78,104.25,1,monthly,0,5.69,0,0
BM-1382,79,260.96,1,monthly,1,4.5,1,0
BM-1383,21,188.24,1,monthly,1,7.05,1,1
BM-1384,3,202.61,2,annual,0,1.72,0,1
BM-1385,11,186.51,2,monthly,0,5.54,0,1
BM-1386,6,204.46,4,monthly,1,3.73,1,1
BM-1387,69,171.55,2,annual,0,4.62,0,0
BM-1388,75,259.97,2,monthly,1,5.98,0,1
BM-1389,13,154.89,2,monthly,1,3.28,0,0
BM-1390,62,242.27,0,annual,1,5.71,0,1
BM-1391,15,144.56,0,biennial,1,5.0,1,0
BM-1392,31,176.69,1,monthly,1,4.14,0,1
BM-1393,50,121.04,4,monthly,1,4.51,0,1
BM-1394,60,205.03,0,annual,1,5.11,0,0
BM-1395,73,259.48,1,biennial,0,3.94,0,1
BM-1396,4,175.75,0,monthly,0,5.41,0,1
BM-1397,17,169.17,1,monthly,0,4.87,0,1
BM-1398,24,118.7,5,monthly,0,4.24,0,0
BM-1399,26,167.39,2,annual,1,8.42,1,0
BM-1400,83,92.4,2,biennial,0,6.19,0,0
BM-1401,65,129.79,1,annual,0,4.67,1,0
BM-1402,27,192.47,3,monthly,0,5.68,2,1
BM-1403,81,252.55,3,annual,1,3.45,0,0
BM-1404,42,334.51,0,annual,1,4.57,1,1
BM-1405,42,147.74,5,monthly,1,4.79,0,1
BM-1406,36,258.94,0,annual,0,3.03,1,1
BM-1407,12,193.41,0,monthly,0,6.14,3,0
BM-1408,78,171.68,0,monthly,1,4.44,1,0
BM-1409,2,203.79,2,annual,1,4.72,4,1
BM-1410,15,183.41,3,monthly,1,4.32,0,1
BM-1411,20,186.07,1,biennial,1,10.0,1,0
BM-1412,24,157.54,2,monthly,0,4.14,0,1
BM-1413,11,103.1,3,monthly,1,1.47,0,1
BM-1414,2,95.1,2,monthly,1,2.36,1,1
BM-1415,57,215.93,2,monthly,1,6.84,0,1
BM-1416,81,164.78,1,monthly,1,7.94,0,0
BM-1417,11,147.22,3,annual,0,4.1,0,1
BM-1418,25,180.47,3,monthly,0,7.83,0,0
BM-1419,43,223.72,4,monthly,1,6.81,0,0
BM-1420,77,189.92,1,annual,1,5.04,1,0
BM-1421,58,143.92,1,monthly,0,4.91,0,1
BM-1422,64,247.45,2,annual,0,5.74,0,1
BM-1423,49,266.86,0,monthly,1,7.07,1,0
BM-1424,35,207.2,2,monthly,0,6.15,0,1
BM-1425,17,233.55,6,annual,0,4.11,0,1
BM-1426,72,248.31,1,annual,1,5.07,1,0
BM-1427,67,242.16,1,annual,1,9.16,2,0
BM-1428,3,213.78,1,monthly,1,5.88,1,1
BM-1429,60,212.91,1,monthly,1,7.05,0,0
BM-1430,8,208.58,2,annual,0,6.43,0,1
BM-1431,62,119.65,4,annual,1,5.92,0,0
BM-1432,69,218.54,1,annual,1,5.61,0,0
BM-1433,11,105.43,0,monthly,1,7.11,0,1
BM-1434,37,136.3,6,annual,1,6.77,1,1
BM-1435,11,251.7,0,monthly,0,5.9,1,1
BM-1436,48,226.21,2,monthly,0,4.08,0,1
BM-1437,77,261.81,0,monthly,0,6.13,0,1
BM-1438,7,165.06,2,monthly,0,5.27,1,1
BM-1439,33,116.63,0,annual,1,4.81,1,1
BM-1440,81,166.78,2,monthly,0,10.0,0,0
BM-1441,25,185.61,4,monthly,1,2.48,1,1
BM-1442,11,184.34,1,biennial,0,7.22,0,1
BM-1443,41,242.35,0,annual,0,3.76,0,1
BM-1444,43,160.13,4,monthly,0,5.65,0,1
BM-1445,56,199.36,3,biennial,0,10.0,0,0
BM-1446,27,125.63,3,monthly,1,3.57,0,1
BM-1447,80,204.77,1,annual,1,4.02,1,0
BM-1448,44,180.17,3,monthly,0,5.37,0,1
BM-1449,24,138.76,2,monthly,1,3.79,0,1
BM-1450,80,167.03,6,monthly,1,7.08,1,0
BM-1451,77,169.87,5,monthly,1,4.38,1,0
BM-1452,42,165.14,2,monthly,0,6.64,2,1
BM-1453,3,277.42,2,monthly,0,2.87,2,1
BM-1454,50,174.59,5,annual,1,1.97,0,1
BM-1455,47,166.59,1,monthly,1,4.96,0,0
BM-1456,13,64.64,4,monthly,0,2.42,0,0
BM-1457,53,130.82,6,biennial,1,8.28,1,0
BM-1458,70,165.53,2,annual,0,2.49,0,0
BM-1459,9,142.28,4,biennial,1,3.43,1,0
BM-1460,61,255.99,2,monthly,0,6.19,1,0
BM-1461,12,170.93,0,monthly,1,4.29,1,1
BM-1462,63,250.86,2,monthly,0,2.52,0,1
BM-1463,35,183.39,0,monthly,0,9.28,1,0
BM-1464,1,182.05,0,monthly,1,3.5,0,1
BM-1465,81,175.12,1,biennial,0,5.03,0,0
BM-1466,14,180.21,3,annual,1,5.0,1,1
BM-1467,50,274.53,1,annual,1,6.75,0,0
BM-1468,16,52.42,3,monthly,0,6.28,0,0
BM-1469,78,69.91,2,annual,0,3.83,0,0
BM-1470,62,150.13,1,monthly,1,4.78,1,1
BM-1471,67,180.8,4,biennial,1,4.97,2,0
BM-1472,36,217.96,2,monthly,1,6.82,1,1
BM-1473,39,206.02,4,monthly,0,3.18,2,0
BM-1474,53,158.87,4,monthly,1,9.23,0,1
BM-1475,66,236.05,3,annual,1,3.96,0,0
BM-1476,71,236.66,1,biennial,1,5.38,1,0
BM-1477,2,190.12,2,biennial,0,3.2,1,1
BM-1478,56,232.95,3,annual,0,2.93,1,0
BM-1479,10,195.0,6,biennial,1,3.74,0,1
BM-1480,24,149.12,2,annual,1,3.56,0,0
BM-1481,69,218.38,3,monthly,0,4.61,1,1
BM-1482,21,186.08,0,annual,1,3.54,3,0
BM-1483,67,180.07,5,monthly,0,6.72,3,1
BM-1484,39,261.01,1,monthly,0,3.91,1,1
BM-1485,20,45.2,2,monthly,0,3.7,0,0
BM-1486,28,102.03,1,monthly,0,4.65,2,1
BM-1487,45,114.71,1,biennial,0,7.29,0,0
BM-1488,64,160.02,3,biennial,0,5.81,1,0
BM-1489,51,166.0,3,monthly,0,5.21,0,1
BM-1490,78,97.1,3,annual,1,2.68,2,1
BM-1491,73,125.82,5,monthly,1,3.23,1,0
BM-1492,63,132.65,1,monthly,1,2.97,0,1
BM-1493,51,315.16,0,monthly,0,7.88,2,1
BM-1494,25,279.1,4,monthly,1,6.41,0,1
BM-1495,35,157.35,3,monthly,0,3.76,0,1
BM-1496,10,160.0,1,monthly,1,4.33,0,1
BM-1497,32,116.79,2,monthly,1,3.83,0,0
BM-1498,77,75.05,2,monthly,0,3.72,0,0
BM-1499,36,173.57,2,biennial,0,6.27,1,0
BM-1500,10,125.12,1,monthly,1,4.85,1,1
BM-1501,55,175.33,1,monthly,1,9.35,2,1
BM-1502,80,91.99,0,monthly,1,7.78,0,0
BM-1503,73,138.09,1,monthly,1,7.89,1,0
BM-1504,23,188.17,1,monthly,1,6.68,0,1
BM-1505,38,200.14,3,monthly,0,4.6,0,1
BM-1506,45,202.96,1,annual,1,6.54,1,0
BM-1507,21,107.37,1,monthly,0,4.74,0,1
BM-1508,23,227.01,2,annual,1,8.5,0,1
BM-1509,20,135.99,2,monthly,0,6.17,1,1
BM-1510,83,214.81,4,monthly,1,5.9,2,1
BM-1511,62,179.41,0,monthly,1,5.64,0,1
BM-1512,70,104.3,2,monthly,0,8.71,2,0
BM-1513,68,162.61,1,monthly,0,2.68,0,0
BM-1514,80,200.1,0,monthly,0,8.89,0,0
BM-1515,9,213.71,3,monthly,1,5.05,0,1
BM-1516,74,172.25,0,annual,1,2.73,0,0
BM-1517,6,264.25,1,monthly,0,3.97,0,1
BM-1518,40,235.41,3,monthly,1,2.26,0,1
BM-1519,50,165.88,0,annual,1,6.64,3,0
BM-1520,30,221.26,0,monthly,0,3.43,1,1
BM-1521,13,286.36,2,annual,1,5.72,1,1
BM-1522,16,287.83,2,biennial,0,7.56,1,1
BM-1523,69,112.46,1,biennial,0,4.12,1,1
BM-1524,27,129.04,6,monthly,0,4.89,1,1
BM-1525,26,261.67,6,monthly,1,2.92,0,1
BM-1526,77,121.79,5,annual,0,4.66,0,0
BM-1527,12,107.26,4,annual,0,10.0,0,0
BM-1528,76,153.26,2,annual,1,6.88,1,0
BM-1529,77,203.11,4,monthly,1,4.9,0,0
BM-1530,50,174.37,1,monthly,1,4.24,2,1
BM-1531,14,144.22,2,monthly,0,5.32,1,1
BM-1532,13,142.92,3,monthly,1,5.65,0,1
BM-1533,24,140.82,1,monthly,0,4.6,2,0
BM-1534,48,131.63,3,biennial,1,6.41,0,0
BM-1535,13,305.49,1,monthly,0,3.59,0,1
BM-1536,38,196.36,2,annual,0,3.58,1,0
BM-1537,10,228.77,2,biennial,0,6.1,0,1
BM-1538,45,153.1,1,monthly,1,3.18,2,0
BM-1539,2,169.77,3,monthly,0,6.79,0,1
BM-1540,59,140.75,7,annual,0,5.37,0,0
BM-1541,5,34.16,0,monthly,1,1.93,1,0
BM-1542,17,104.21,2,monthly,1,5.61,0,0
BM-1543,15,80.42,3,annual,0,2.2,1,1
BM-1544,69,56.26,2,annual,1,6.72,0,0
BM-1545,5,114.26,2,annual,1,4.93,1,0
BM-1546,36,252.87,1,biennial,0,8.92,2,0
BM-1547,50,177.56,1,monthly,1,7.44,2,0
BM-1548,43,250.98,4,annual,1,3.38,1,1
BM-1549,57,202.6,0,annual,0,1.56,0,1
BM-1550,67,223.04,1,annual,0,3.97,1,0
BM-1551,33,130.45,1,annual,0,3.08,0,1
BM-1552,69,208.82,1,annual,0,8.87,1,0
BM-1553,27,220.08,4,biennial,1,5.38,3,0
BM-1554,82,148.28,1,monthly,1,7.17,0,0
BM-1555,42,210.77,2,annual,1,4.86,1,0
BM-1556,62,211.14,4,monthly,0,5.06,1,1
BM-1557,73,149.77,1,annual,0,5.34,0,0
BM-1558,66,118.25,2,annual,0,7.5,0,0
BM-1559,71,114.87,3,annual,1,5.99,1,0
BM-1560,45,184.76,2,monthly,0,3.39,1,1
BM-1561,4,197.99,2,monthly,1,8.48,0,1
BM-1562,41,136.41,0,monthly,1,4.84,1,0
BM-1563,16,181.46,3,monthly,0,4.53,0,1
BM-1564,74,211.38,5,monthly,1,0.5,2,1
BM-1565,20,214.0,1,biennial,1,6.61,1,1
BM-1566,19,265.35,1,monthly,1,5.59,0,1
BM-1567,21,250.23,2,biennial,1,5.59,0,1
BM-1568,54,124.93,2,monthly,0,4.63,0,0
BM-1569,48,272.6,1,annual,1,4.31,0,1
BM-1570,79,150.8,1,monthly,0,4.7,0,1
BM-1571,35,237.47,3,annual,1,6.28,1,1
BM-1572,24,183.74,2,annual,0,6.61,1,1
BM-1573,5,157.33,2,annual,1,4.96,1,1
BM-1574,1,80.58,0,biennial,1,7.2,2,0
BM-1575,32,170.56,0,monthly,0,5.25,0,1
BM-1576,77,94.23,2,monthly,0,4.44,0,0
BM-1577,44,233.2,1,monthly,1,5.78,1,0
BM-1578,75,263.42,4,annual,0,2.82,0,1
BM-1579,9,136.17,1,monthly,1,5.84,1,1
BM-1580,8,196.61,4,monthly,1,2.47,0,1
BM-1581,70,140.1,4,annual,0,3.45,3,1
BM-1582,9,145.43,2,monthly,1,1.56,0,1
BM-1583,5,222.6,1,annual,1,5.07,0,0
BM-1584,34,177.88,3,annual,1,8.46,0,0
BM-1585,77,275.68,5,annual,0,5.18,0,0
BM-1586,58,153.48,3,annual,0,6.62,2,0
BM-1587,9,234.96,2,biennial,0,9.87,0,1
BM-1588,70,185.36,2,annual,1,6.17,0,0
BM-1589,71,223.77,3,biennial,1,3.95,0,1
BM-1590,67,155.41,3,monthly,1,4.21,1,1
BM-1591,75,177.27,4,annual,0,5.4,1,0
BM-1592,20,173.65,2,annual,1,4.2,0,0
BM-1593,82,134.02,2,monthly,1,4.34,1,0
BM-1594,27,216.41,0,monthly,1,7.27,0,1
BM-1595,67,215.76,1,monthly,0,7.35,1,0
BM-1596,49,212.65,1,monthly,1,2.27,0,1
BM-1597,65,264.53,2,biennial,0,3.85,0,0
BM-1598,53,259.71,2,monthly,0,4.52,0,0
BM-1599,54,159.38,3,monthly,1,6.54,1,0
BM-1600,52,200.52,3,monthly,1,7.57,2,1
BM-1601,65,145.7,2,monthly,0,10.0,0,1
BM-1602,62,181.28,2,monthly,1,4.52,0,1
BM-1603,12,147.01,0,monthly,1,4.61,0,0
BM-1604,69,269.1,1,monthly,0,6.52,0,1
BM-1605,45,200.0,1,monthly,1,4.1,1,1
BM-1606,27,168.01,2,annual,0,5.13,0,1
BM-1607,43,245.65,1,monthly,0,4.61,2,1
BM-1608,81,60.62,1,annual,0,0.5,0,0
BM-1609,72,69.22,1,monthly,1,5.63,1,0
BM-1610,70,223.77,1,monthly,0,5.05,1,1
BM-1611,39,183.33,2,biennial,0,7.82,1,0
BM-1612,66,193.77,1,monthly,1,5.41,0,0
BM-1613,32,107.05,1,monthly,1,3.02,0,1
BM-1614,57,178.72,4,annual,1,4.91,1,0
BM-1615,54,290.19,1,monthly,1,1.43,3,1
BM-1616,21,225.33,0,annual,0,3.1,0,0
BM-1617,23,189.33,0,annual,0,6.61,0,1
BM-1618,6,155.85,2,biennial,1,4.93,1,0
BM-1619,12,158.3,3,biennial,1,7.15,0,1
BM-1620,36,62.89,1,monthly,0,1.66,1,0
BM-1621,40,194.17,1,annual,0,4.94,0,1
BM-1622,14,226.5,1,monthly,0,4.5,1,1
BM-1623,35,93.34,1,annual,0,7.22,1,0
BM-1624,51,143.62,1,annual,1,6.68,1,0
BM-1625,20,116.34,2,monthly,1,6.62,1,0
BM-1626,29,126.91,1,monthly,0,8.33,1,1
BM-1627,31,182.94,2,monthly,1,4.7,2,1
BM-1628,42,65.36,5,monthly,1,7.94,0,0
BM-1629,31,213.78,3,monthly,0,3.42,0,0
BM-1630,62,221.46,2,biennial,0,3.35,1,0
BM-1631,28,166.19,2,monthly,1,6.83,2,0
BM-1632,37,43.56,3,annual,0,2.54,1,0
BM-1633,32,125.2,2,annual,1,6.49,1,0
BM-1634,16,247.81,1,annual,1,5.59,1,1
BM-1635,57,27.21,1,monthly,1,7.44,0,0
BM-1636,20,160.89,4,biennial,1,5.29,0,1
BM-1637,25,115.1,4,annual,1,5.51,1,0
BM-1638,66,224.25,3,annual,1,6.37,0,1
BM-1639,79,142.87,1,biennial,0,4.14,0,0
BM-1640,56,202.22,4,annual,1,4.06,0,0
BM-1641,77,211.1,2,monthly,1,6.3,4,0
BM-1642,71,280.99,1,biennial,1,5.34,0,0
BM-1643,40,168.84,3,monthly,1,4.63,1,1
BM-1644,64,200.68,2,annual,0,5.24,0,0
BM-1645,28,98.32,2,monthly,1,8.43,1,0
BM-1646,39,245.47,3,monthly,1,4.56,0,1
BM-1647,45,138.17,1,monthly,1,4.5,0,0
BM-1648,80,149.16,2,monthly,1,2.16,2,0
BM-1649,71,178.78,1,biennial,1,5.32,2,0
BM-1650,41,94.04,4,monthly,1,6.65,1,0
BM-1651,55,192.58,2,annual,0,6.99,1,1
BM-1652,17,233.21,1,monthly,0,5.61,0,1
BM-1653,67,196.11,4,biennial,1,7.22,1,0
BM-1654,46,92.61,4,monthly,1,6.79,0,1
BM-1655,45,173.19,3,monthly,1,7.51,1,1
BM-1656,64,220.81,5,monthly,0,7.27,0,1
BM-1657,53,76.71,5,monthly,0,8.38,0,0
BM-1658,7,120.89,2,biennial,0,5.08,0,1
BM-1659,24,228.21,0,biennial,1,2.88,2,1
BM-1660,15,194.86,4,monthly,1,6.66,1,1
BM-1661,61,202.66,1,monthly,1,6.88,1,1
BM-1662,3,282.27,2,monthly,0,8.38,1,1
BM-1663,17,205.77,0,monthly,1,7.83,0,0
BM-1664,50,216.18,3,annual,1,9.1,0,0
BM-1665,58,329.09,2,monthly,0,6.58,0,1
BM-1666,42,168.24,1,annual,1,5.83,0,0
BM-1667,72,136.12,1,biennial,1,2.77,1,1
BM-1668,77,203.53,1,monthly,0,5.99,0,0
BM-1669,11,204.14,3,monthly,0,4.35,1,1
BM-1670,80,151.03,2,monthly,1,5.8,1,0
BM-1671,51,123.22,2,monthly,1,5.5,4,0
BM-1672,53,307.04,5,monthly,1,6.3,1,1
BM-1673,8,197.98,5,annual,1,5.22,0,1
BM-1674,52,139.72,4,monthly,0,7.18,1,1
BM-1675,61,230.38,1,annual,1,0.5,0,1
BM-1676,49,174.0,1,biennial,1,5.76,1,1
BM-1677,8,166.09,3,biennial,0,7.68,0,0
BM-1678,44,210.93,1,annual,1,8.95,0,0
BM-1679,78,108.95,2,monthly,0,6.79,2,0
BM-1680,61,199.39,2,monthly,0,8.6,1,1
BM-1681,12,285.21,3,monthly,0,5.72,1,1
BM-1682,80,205.64,0,biennial,1,5.41,1,0
BM-1683,80,159.31,1,biennial,0,6.41,0,0
BM-1684,15,152.11,2,monthly,0,5.39,1,1
BM-1685,67,157.43,0,monthly,1,3.91,0,1
BM-1686,34,166.03,1,monthly,0,4.42,0,1
BM-1687,50,159.22,1,monthly,1,3.29,0,0
BM-1688,37,230.4,2,biennial,1,6.4,1,0
BM-1689,65,84.67,0,monthly,0,5.42,1,0
BM-1690,83,227.41,1,monthly,0,4.72,0,0
BM-1691,66,159.12,2,monthly,1,4.32,0,1
BM-1692,78,200.73,1,monthly,0,6.36,0,0
BM-1693,79,118.02,2,monthly,0,6.88,1,0
BM-1694,8,253.07,2,annual,1,3.25,1,1
BM-1695,22,248.51,1,monthly,1,2.95,0,1
BM-1696,60,232.78,5,annual,1,7.21,0,0
BM-1697,49,96.69,2,monthly,1,2.79,0,0
BM-1698,5,225.6,1,monthly,1,6.44,0,1
BM-1699,8,202.27,2,monthly,1,8.47,1,1
BM-1700,44,91.71,1,monthly,1,8.48,1,1
BM-1701,52,178.66,2,monthly,1,6.8,1,0
BM-1702,14,200.05,0,monthly,1,6.75,0,1
BM-1703,15,210.58,3,annual,1,9.68,1,0
BM-1704,11,189.75,4,annual,0,0.96,1,1
BM-1705,47,196.02,5,biennial,1,4.52,1,1
BM-1706,1,261.05,3,monthly,1,7.01,1,1
BM-1707,48,247.43,2,annual,0,4.76,1,1
BM-1708,40,22.31,1,annual,0,7.76,0,0
BM-1709,39,162.54,2,monthly,1,5.33,0,1
BM-1710,57,170.94,3,monthly,0,5.65,0,1
BM-1711,44,83.63,2,monthly,0,4.88,0,1
BM-1712,61,185.18,0,annual,0,4.41,1,0
BM-1713,64,248.68,0,monthly,0,4.36,2,1
BM-1714,77,120.24,3,monthly,1,5.92,1,1
BM-1715,67,198.5,3,biennial,0,3.93,1,1
BM-1716,43,129.63,3,monthly,0,7.21,2,1
BM-1717,41,143.04,1,biennial,1,6.64,2,0
BM-1718,20,261.26,3,annual,0,7.49,1,1
BM-1719,50,150.16,3,annual,0,3.26,0,1
BM-1720,12,205.42,6,annual,1,2.17,0,1
BM-1721,78,77.08,1,monthly,1,5.39,0,0
BM-1722,71,282.43,1,annual,1,10.0,1,0
BM-1723,10,213.15,0,annual,1,7.81,2,0
BM-1724,66,169.96,3,annual,1,4.35,0,0
BM-1725,10,211.66,1,monthly,0,6.21,0,1
BM-1726,60,102.46,2,monthly,1,6.78,0,0
BM-1727,8,245.04,0,monthly,1,2.8,0,1
BM-1728,41,162.18,0,monthly,0,8.0,0,0
BM-1729,55,168.78,2,monthly,1,5.08,0,0
BM-1730,61,152.96,1,annual,0,5.23,0,0
BM-1731,35,148.06,4,annual,1,5.45,1,0
BM-1732,77,218.21,2,annual,1,7.57,0,0
BM-1733,65,194.07,0,monthly,1,3.97,1,0
BM-1734,18,215.85,1,monthly,0,2.16,2,1
BM-1735,56,179.52,4,monthly,1,6.01,3,0
BM-1736,61,208.23,2,monthly,1,1.52,0,1
BM-1737,28,156.96,3,monthly,0,4.83,0,1
BM-1738,62,302.64,2,monthly,0,7.66,1,1
BM-1739,75,93.76,2,monthly,1,6.5,0,0
BM-1740,68,249.35,1,monthly,0,7.38,0,1
BM-1741,64,255.23,1,monthly,1,6.58,0,1
BM-1742,53,133.13,3,monthly,1,9.98,0,0
BM-1743,23,302.61,2,monthly,0,4.28,0,1
BM-1744,67,234.75,3,annual,1,6.16,1,1
BM-1745,31,233.41,1,monthly,0,4.57,0,1
BM-1746,45,181.54,1,monthly,1,7.22,0,0
BM-1747,27,168.05,3,monthly,1,5.28,1,1
BM-1748,26,168.48,1,biennial,0,8.67,3,0
BM-1749,14,201.48,1,annual,1,4.39,1,0
BM-1750,80,257.07,3,annual,1,8.07,1,0
BM-1751,13,189.97,2,monthly,1,6.53,1,1
BM-1752,8,129.87,3,annual,0,5.34,0,1
BM-1753,78,225.34,1,biennial,1,6.43,0,0
BM-1754,47,230.66,1,monthly,1,5.9,1,1
BM-1755,37,216.01,2,annual,0,6.08,0,1
BM-1756,62,221.0,0,monthly,1,5.01,1,0
BM-1757,32,165.1,0,annual,0,4.07,1,0
BM-1758,11,128.91,2,monthly,1,4.76,0,0
BM-1759,61,132.25,2,monthly,0,2.2,1,1
BM-1760,15,90.05,1,biennial,1,7.0,1,0
BM-1761,46,193.03,1,biennial,0,3.05,1,0
BM-1762,79,175.41,0,monthly,0,4.99,0,0
BM-1763,78,155.8,3,biennial,1,6.63,1,0
BM-1764,30,20.0,3,monthly,1,6.99,1,0
BM-1765,65,111.4,1,monthly,1,2.03,0,0
BM-1766,51,241.65,0,annual,1,5.23,0,0
BM-1767,40,143.45,3,monthly,0,6.27,1,0
BM-1768,12,199.83,2,monthly,1,5.5,0,0
BM-1769,32,103.51,1,annual,0,7.95,0,1
BM-1770,55,259.13,5,monthly,0,3.84,0,1
BM-1771,82,172.08,1,monthly,1,1.51,0,1
BM-1772,1,195.95,0,monthly,1,6.94,0,1
BM-1773,60,307.92,3,annual,0,4.38,1,0
BM-1774,71,263.4,2,monthly,0,2.06,0,1
BM-1775,79,163.14,1,monthly,1,5.1,0,0
BM-1776,36,147.37,3,annual,0,7.74,0,0
BM-1777,10,162.1,1,monthly,0,3.0,0,1
BM-1778,23,208.04,3,monthly,0,9.84,1,0
BM-1779,71,174.21,5,annual,0,3.81,1,1
BM-1780,73,158.26,3,annual,0,5.57,2,0
BM-1781,53,260.69,2,monthly,1,3.08,1,1
BM-1782,11,173.72,2,annual,0,5.48,3,0
BM-1783,11,306.48,1,annual,1,5.15,1,1
BM-1784,40,184.99,4,monthly,1,2.57,2,1
BM-1785,49,278.19,3,annual,1,10.0,1,1
BM-1786,3,199.65,2,annual,1,4.46,0,0
BM-1787,57,232.96,3,annual,1,4.46,0,1
BM-1788,46,140.15,1,monthly,1,7.24,2,0
BM-1789,2,133.04,0,annual,1,8.85,1,1
BM-1790,8,205.28,2,biennial,1,7.54,0,1
BM-1791,38,234.37,2,monthly,1,3.12,2,1
BM-1792,60,182.21,4,annual,1,5.81,2,0
BM-1793,69,109.25,2,annual,0,1.83,1,0
BM-1794,36,105.19,3,annual,1,7.11,0,0
BM-1795,25,101.51,2,biennial,1,2.29,0,0
BM-1796,81,82.78,2,monthly,0,3.87,0,1
BM-1797,39,186.02,1,monthly,1,5.39,0,1
BM-1798,27,241.88,0,annual,0,6.25,1,1
BM-1799,37,179.26,3,monthly,0,4.9,0,0
BM-1800,2,55.68,3,monthly,1,8.29,1,1
BM-1801,26,169.51,0,annual,0,6.77,1,0
BM-1802,43,171.05,1,biennial,0,6.62,0,0
BM-1803,77,295.28,3,monthly,0,3.06,3,1
BM-1804,62,99.86,1,annual,1,8.63,0,0
BM-1805,65,158.51,3,monthly,1,3.87,1,0
BM-1806,46,273.82,2,monthly,1,8.7,0,1
BM-1807,10,204.75,1,monthly,1,9.24,0,1
BM-1808,33,210.98,2,monthly,1,6.37,1,1
BM-1809,83,186.3,2,monthly,1,7.36,0,0
BM-1810,4,198.15,3,annual,1,0.5,0,1
BM-1811,73,222.77,1,annual,0,5.03,1,0
BM-1812,57,135.48,6,monthly,1,7.49,1,0
BM-1813,24,228.29,3,monthly,1,7.16,1,1
BM-1814,65,104.48,2,monthly,0,3.08,1,1
BM-1815,70,198.06,2,biennial,0,4.84,0,0
BM-1816,4,189.83,1,biennial,1,0.58,0,1
BM-1817,9,146.1,5,monthly,0,6.18,0,1
BM-1818,56,178.75,2,monthly,1,1.82,0,0
BM-1819,83,145.76,0,monthly,0,7.55,0,0
BM-1820,2,121.06,4,annual,1,7.65,1,0
BM-1821,56,160.55,1,monthly,0,4.5,0,1
BM-1822,12,119.28,1,monthly,1,6.39,0,0
BM-1823,54,197.75,2,monthly,0,4.99,0,1
BM-1824,52,116.75,3,monthly,0,5.86,0,0
BM-1825,8,219.16,3,monthly,0,3.22,0,0
BM-1826,57,115.02,1,monthly,1,6.58,0,0
BM-1827,75,148.85,2,annual,1,2.28,0,0
BM-1828,72,145.65,1,monthly,1,1.92,3,1
BM-1829,3,252.88,2,monthly,0,5.17,1,1
BM-1830,21,198.17,1,monthly,1,5.0,0,1
BM-1831,20,168.35,0,monthly,1,5.92,1,1
BM-1832,38,207.43,1,annual,0,4.17,0,0
BM-1833,12,64.1,3,biennial,1,8.98,2,0
BM-1834,71,177.63,2,monthly,1,5.71,0,0
BM-1835,65,289.86,1,biennial,1,5.84,0,1
BM-1836,68,187.28,1,annual,0,5.77,1,0
BM-1837,17,183.74,2,annual,0,7.31,0,1
BM-1838,2,210.15,1,monthly,1,6.49,0,1
BM-1839,76,229.26,3,monthly,0,6.24,2,1
BM-1840,24,70.14,3,monthly,0,6.8,1,0
BM-1841,55,87.47,2,biennial,1,1.93,1,0
BM-1842,76,191.57,1,annual,1,2.0,0,0
BM-1843,4,140.68,2,monthly,0,5.26,0,1
BM-1844,1,252.16,0,monthly,0,5.02,3,1
BM-1845,1,162.67,1,monthly,1,6.5,0,0
BM-1846,13,73.6,2,monthly,0,5.44,0,0
BM-1847,5,110.26,4,annual,0,6.51,0,0
BM-1848,69,28.77,4,monthly,0,3.03,0,0
BM-1849,51,167.12,4,annual,1,5.38,1,0
BM-1850,82,169.64,4,annual,1,2.85,1,0
BM-1851,67,156.65,2,annual,0,6.14,0,0
BM-1852,80,239.34,1,annual,0,1.83,1,1
BM-1853,20,245.92,1,monthly,1,6.06,1,0
BM-1854,24,170.63,2,annual,1,2.61,0,0
BM-1855,71,62.59,3,annual,1,4.67,0,0
BM-1856,21,213.95,2,monthly,0,7.1,1,1
BM-1857,5,210.54,1,monthly,1,5.83,1,1
BM-1858,56,197.02,2,monthly,1,2.27,1,1
BM-1859,67,233.98,0,monthly,1,4.12,2,0
BM-1860,81,115.93,2,monthly,0,2.55,0,0
BM-1861,78,290.48,2,monthly,1,2.18,1,1
BM-1862,10,127.23,2,annual,0,5.62,0,0
BM-1863,65,221.21,3,monthly,0,6.46,1,0
BM-1864,71,87.2,1,monthly,0,6.24,1,1
BM-1865,58,128.84,1,monthly,1,6.54,0,1
BM-1866,69,263.4,2,monthly,0,5.38,0,1
BM-1867,70,165.65,0,biennial,1,4.88,2,0
BM-1868,38,226.2,3,monthly,1,3.36,1,1
BM-1869,4,193.03,1,monthly,1,4.56,1,1
BM-1870,38,174.23,3,monthly,0,2.89,2,1
BM-1871,17,255.01,2,monthly,1,3.79,0,1
BM-1872,10,166.98,4,annual,0,5.57,0,1
BM-1873,11,82.06,1,annual,1,5.18,0,0
BM-1874,58,135.82,2,monthly,0,10.0,1,0
BM-1875,42,210.32,3,annual,0,2.84,1,1
BM-1876,45,201.75,1,monthly,1,5.16,0,1
BM-1877,62,93.81,0,annual,0,2.69,0,0
BM-1878,46,140.16,1,monthly,0,4.66,0,1
BM-1879,53,148.01,2,monthly,1,4.74,2,1
BM-1880,8,159.9,6,annual,0,7.01,1,0
BM-1881,71,104.32,1,annual,0,4.55,0,0
BM-1882,38,145.44,1,monthly,0,5.04,2,1
BM-1883,13,139.93,2,biennial,0,4.58,2,0
BM-1884,68,222.43,1,biennial,1,2.74,1,0
BM-1885,61,224.5,4,monthly,0,4.16,0,1
BM-1886,5,171.98,0,annual,1,4.67,1,1
BM-1887,17,158.44,3,annual,1,5.54,0,0
BM-1888,2,187.7,3,monthly,0,6.46,0,1
BM-1889,23,135.09,4,monthly,1,4.95,0,1
BM-1890,9,116.92,1,annual,1,4.92,0,0
BM-1891,59,128.29,3,annual,0,2.13,0,0
BM-1892,44,145.09,3,monthly,0,6.43,0,0
BM-1893,82,116.01,1,monthly,0,4.08,0,0
BM-1894,63,188.91,4,monthly,0,6.82,2,1
BM-1895,51,220.13,3,biennial,1,7.9,0,0
BM-1896,43,92.71,0,annual,1,5.04,0,0
BM-1897,5,181.38,1,monthly,0,3.46,1,1
BM-1898,6,167.9,2,biennial,0,5.37,1,1
BM-1899,52,198.78,2,annual,0,6.06,0,0
BM-1900,1,179.29,1,monthly,1,4.8,0,0
BM-1901,4,100.05,1,monthly,1,4.33,0,0
BM-1902,19,110.57,2,monthly,0,6.47,0,1
BM-1903,74,181.62,1,monthly,1,6.35,0,1
BM-1904,39,236.58,3,monthly,1,4.74,1,1
BM-1905,59,58.22,3,annual,1,2.26,1,0
BM-1906,35,199.01,2,biennial,1,6.27,0,0
BM-1907,15,245.43,1,monthly,1,3.94,1,1
BM-1908,31,171.58,2,biennial,0,5.81,0,0
BM-1909,8,210.26,2,biennial,0,5.69,0,1
BM-1910,64,141.33,2,monthly,1,1.81,1,1
BM-1911,16,173.43,2,monthly,0,5.55,3,1
BM-1912,32,90.85,1,annual,0,6.38,1,0
BM-1913,82,51.06,4,annual,1,6.61,1,0
BM-1914,50,231.85,3,monthly,1,5.62,0,1
BM-1915,39,125.83,2,annual,1,1.64,0,0
BM-1916,46,154.95,2,annual,1,7.83,2,1
BM-1917,66,103.75,4,annual,1,6.18,0,0
BM-1918,22,102.45,2,annual,0,3.11,2,0
BM-1919,53,170.44,2,monthly,1,3.9,0,1
BM-1920,73,139.87,2,monthly,1,5.84,2,0
BM-1921,48,200.79,3,monthly,1,6.69,0,1
BM-1922,38,204.89,5,biennial,0,4.47,0,0
BM-1923,13,197.65,1,biennial,0,6.97,0,0
BM-1924,21,193.12,3,annual,1,1.99,1,0
BM-1925,79,266.78,2,monthly,0,3.42,1,1
BM-1926,45,121.28,3,monthly,0,1.48,2,1
BM-1927,26,176.98,1,monthly,1,3.69,1,1
BM-1928,35,242.3,3,monthly,1,8.27,2,1
BM-1929,48,249.55,1,monthly,0,9.31,1,1
BM-1930,45,101.8,5,annual,0,5.85,1,1
BM-1931,59,162.82,2,monthly,0,4.19,1,0
BM-1932,22,254.7,3,annual,1,4.98,0,1
BM-1933,54,207.94,2,biennial,1,6.3,0,0
BM-1934,37,190.74,2,annual,0,2.43,1,0
BM-1935,79,168.03,1,monthly,0,4.31,1,1
BM-1936,14,158.89,1,biennial,0,8.13,1,1
BM-1937,13,195.85,0,annual,0,3.41,2,1
BM-1938,39,166.12,1,monthly,0,3.98,0,1
BM-1939,43,177.66,0,annual,1,5.43,1,0
BM-1940,58,184.32,2,biennial,0,5.94,0,0
BM-1941,34,142.71,3,monthly,0,4.21,0,1
BM-1942,76,209.27,1,monthly,1,5.55,2,0
BM-1943,40,340.28,4,monthly,0,6.56,1,1
BM-1944,11,82.27,1,monthly,0,9.13,0,0
BM-1945,10,197.82,2,annual,0,5.16,0,0
BM-1946,81,138.19,1,monthly,0,5.32,0,0
BM-1947,12,211.76,0,monthly,0,8.3,0,1
BM-1948,79,182.56,4,monthly,1,4.36,1,1
BM-1949,24,221.9,1,monthly,0,2.88,0,0
BM-1950,8,244.65,2,monthly,1,5.88,0,1
BM-1951,26,190.58,2,annual,1,7.44,0,0
BM-1952,52,242.26,0,monthly,0,6.09,0,1
BM-1953,36,51.06,4,monthly,0,5.22,0,0
BM-1954,66,267.47,2,biennial,0,2.65,0,0
BM-1955,51,200.63,2,biennial,0,5.29,1,0
BM-1956,34,239.28,3,monthly,1,7.74,2,0
BM-1957,53,112.91,6,monthly,0,3.06,1,1
BM-1958,81,134.31,2,monthly,1,4.93,1,1
BM-1959,35,188.03,0,monthly,1,4.66,0,0
BM-1960,13,179.06,1,monthly,1,4.07,0,1
BM-1961,34,195.57,2,biennial,1,5.87,0,0
BM-1962,70,239.65,3,annual,1,6.24,1,0
BM-1963,19,82.91,1,monthly,1,6.22,2,1
BM-1964,79,233.56,2,biennial,1,3.54,0,1
BM-1965,49,180.46,3,monthly,0,2.27,0,1
BM-1966,50,168.79,2,monthly,0,5.9,0,1
BM-1967,27,99.09,1,monthly,0,4.44,2,0
BM-1968,77,207.67,3,monthly,0,8.89,1,1
BM-1969,3,47.22,1,biennial,1,8.98,1,0
BM-1970,25,215.66,1,monthly,0,9.18,0,1
BM-1971,35,97.93,1,annual,1,3.61,0,0
BM-1972,40,182.94,3,monthly,1,6.48,1,0
BM-1973,40,173.45,2,biennial,0,7.05,1,0
BM-1974,13,244.32,2,annual,1,6.84,1,0
BM-1975,19,170.17,2,monthly,0,4.73,0,1
BM-1976,8,141.82,1,monthly,1,7.83,3,1
BM-1977,48,152.14,2,biennial,1,5.4,3,0
BM-1978,30,250.01,1,monthly,0,5.64,1,1
BM-1979,47,209.5,4,monthly,1,2.48,1,1
BM-1980,49,158.79,1,biennial,0,6.63,1,1
BM-1981,59,167.0,2,monthly,1,4.91,1,0
BM-1982,46,93.81,6,monthly,1,6.28,0,1
BM-1983,54,201.37,1,monthly,0,5.85,0,0
BM-1984,49,83.21,3,monthly,1,5.74,1,0
BM-1985,55,221.35,3,monthly,1,5.31,0,1
BM-1986,52,187.07,3,monthly,1,6.89,2,0
BM-1987,27,311.28,3,monthly,1,5.02,0,1
BM-1988,21,119.49,2,monthly,1,2.64,1,1
BM-1989,66,174.35,3,monthly,0,6.48,0,0
BM-1990,29,278.91,1,biennial,1,3.86,0,0
BM-1991,46,245.53,3,monthly,1,2.88,0,1
BM-1992,17,141.71,1,monthly,0,3.46,1,0
BM-1993,36,192.32,2,monthly,0,5.94,1,1
BM-1994,44,180.11,0,annual,0,5.22,0,1
BM-1995,52,195.51,2,monthly,0,1.35,0,1
BM-1996,44,141.57,3,monthly,0,4.67,1,0
BM-1997,30,175.09,4,annual,0,7.62,0,1
BM-1998,80,92.11,1,monthly,1,4.54,0,1
BM-1999,43,187.43,1,annual,0,5.09,1,0
BM-2000,68,204.75,0,biennial,0,7.38,2,0
BM-2001,62,167.49,0,annual,1,6.91,1,0
BM-2002,47,91.17,2,monthly,0,7.34,2,1
BM-2003,74,234.37,3,monthly,0,0.5,1,1
BM-2004,11,200.05,3,monthly,1,8.69,1,0
BM-2005,77,140.07,1,annual,1,6.61,1,0
BM-2006,71,164.57,4,biennial,1,10.0,2,0
BM-2007,42,97.46,1,biennial,0,3.91,1,0
BM-2008,61,123.6,1,monthly,0,2.05,2,1
BM-2009,44,150.42,3,annual,1,5.41,0,1
BM-2010,23,247.56,0,monthly,1,4.88,0,1
BM-2011,67,144.83,1,annual,1,6.64,0,0
BM-2012,21,215.21,1,monthly,1,7.44,0,1
BM-2013,27,150.39,4,monthly,0,5.23,1,0
BM-2014,44,193.64,0,monthly,0,4.94,1,0
BM-2015,70,172.22,4,biennial,1,6.39,0,0
BM-2016,32,228.02,2,monthly,1,4.91,2,1
BM-2017,42,150.59,1,monthly,0,4.75,1,1
BM-2018,4,93.51,1,monthly,1,7.37,0,0
BM-2019,10,103.99,0,monthly,0,7.79,0,1
BM-2020,5,150.75,0,biennial,1,7.46,1,0
BM-2021,6,111.3,1,monthly,0,5.08,1,0
BM-2022,73,202.56,0,monthly,1,1.33,0,0
BM-2023,70,154.38,1,annual,0,5.12,1,1
BM-2024,69,310.6,4,monthly,1,3.96,0,1
BM-2025,5,84.43,0,monthly,1,5.15,0,0
BM-2026,7,191.2,1,monthly,0,4.12,0,1
BM-2027,24,117.96,0,monthly,1,5.36,0,1
BM-2028,47,152.86,1,monthly,1,3.43,0,1
BM-2029,28,187.78,0,monthly,1,2.97,1,1
BM-2030,41,52.1,2,monthly,0,7.72,0,0
BM-2031,15,193.03,0,annual,1,3.56,1,1
BM-2032,61,284.66,1,annual,1,5.4,1,1
BM-2033,27,155.06,3,biennial,1,7.21,0,0
BM-2034,6,194.29,2,monthly,1,7.14,0,1
BM-2035,62,236.37,0,monthly,1,6.91,0,1
BM-2036,75,170.98,2,biennial,0,5.98,0,0
BM-2037,2,148.05,1,annual,0,6.78,1,0
BM-2038,37,54.83,1,monthly,0,8.01,1,0
BM-2039,69,215.25,2,monthly,0,6.21,1,1
BM-2040,59,173.78,0,monthly,0,1.91,2,1
BM-2041,72,124.3,2,monthly,0,4.4,0,0
BM-2042,35,186.96,4,monthly,1,6.72,0,1
BM-2043,31,147.9,2,monthly,1,4.21,1,1
BM-2044,59,150.94,2,biennial,0,8.48,1,0
BM-2045,13,213.35,2,monthly,1,5.28,0,1
BM-2046,20,106.39,5,annual,1,5.56,1,0
BM-2047,50,237.6,4,monthly,1,7.54,0,1
BM-2048,56,103.13,2,annual,1,5.05,1,0
BM-2049,10,143.55,3,annual,1,5.73,2,1
BM-2050,43,285.76,1,monthly,1,7.11,1,0
BM-2051,31,242.0,3,annual,1,2.6,4,0
BM-2052,42,185.37,3,annual,1,4.86,1,1
BM-2053,80,128.27,3,annual,0,6.98,1,0
BM-2054,7,150.89,1,monthly,1,5.52,0,0
BM-2055,83,184.03,3,biennial,1,8.19,0,0
BM-2056,38,182.06,0,monthly,1,2.41,0,0
BM-2057,65,175.0,3,monthly,1,2.19,0,0
BM-2058,36,178.3,1,monthly,0,6.86,0,0
BM-2059,26,168.21,1,monthly,0,7.05,2,1
BM-2060,64,100.69,2,monthly,1,5.03,1,0
BM-2061,58,151.59,0,monthly,1,6.16,1,0
BM-2062,12,230.3,3,annual,1,6.82,1,1
BM-2063,59,104.74,2,monthly,1,3.85,0,1
BM-2064,63,169.57,1,biennial,1,4.06,1,0
BM-2065,33,134.91,3,monthly,1,5.76,1,1
BM-2066,77,186.12,3,annual,0,7.12,1,0
BM-2067,54,158.63,4,biennial,1,3.18,0,0
BM-2068,28,261.26,1,annual,0,5.02,0,1
BM-2069,1,207.86,0,annual,1,4.94,0,1
BM-2070,57,107.85,3,annual,0,6.19,0,0
BM-2071,18,216.92,3,monthly,1,5.38,0,1
BM-2072,63,137.39,7,monthly,0,4.36,0,0
BM-2073,44,148.27,3,monthly,0,7.77,1,0
BM-2074,39,197.26,2,monthly,1,4.38,2,1
BM-2075,14,152.95,4,monthly,1,4.85,2,1
BM-2076,60,229.11,2,monthly,0,2.38,0,1
BM-2077,14,137.4,3,biennial,1,4.04,1,0
BM-2078,35,145.96,3,biennial,0,6.38,2,0
BM-2079,70,143.9,2,annual,0,6.01,4,0
BM-2080,77,148.89,2,annual,0,6.54,1,0
BM-2081,83,240.46,1,monthly,1,6.45,0,0
BM-2082,80,214.58,4,monthly,1,9.37,0,1
BM-2083,47,274.05,2,annual,1,3.98,0,1
BM-2084,17,304.72,2,annual,1,2.32,0,1
BM-2085,70,123.31,2,monthly,1,3.4,0,1
BM-2086,67,183.87,1,monthly,1,4.06,0,1
BM-2087,83,115.31,2,monthly,1,3.55,3,1
BM-2088,55,137.23,2,monthly,0,5.58,0,1
BM-2089,12,145.35,2,monthly,0,7.78,1,1
BM-2090,42,121.86,2,monthly,0,8.33,2,1
BM-2091,38,122.15,2,annual,1,6.36,0,1
BM-2092,70,172.06,3,biennial,1,9.47,0,0
BM-2093,33,113.08,6,monthly,0,4.72,1,1
BM-2094,28,226.32,3,annual,1,2.3,2,1
BM-2095,7,129.52,0,annual,1,7.4,0,0
BM-2096,70,334.53,3,monthly,0,1.91,0,1
BM-2097,63,155.17,1,annual,0,3.97,0,0
BM-2098,4,183.96,5,monthly,0,6.39,1,1
BM-2099,37,108.76,2,monthly,0,5.21,1,0
BM-2100,40,273.84,2,monthly,1,5.04,0,1
BM-2101,39,241.57,2,biennial,1,3.16,2,1
BM-2102,77,196.33,2,biennial,0,5.38,1,0
BM-2103,13,105.93,1,monthly,1,7.31,0,0
BM-2104,26,191.59,0,monthly,0,5.44,0,1
BM-2105,16,118.32,1,monthly,0,3.82,1,1
BM-2106,21,260.43,2,annual,0,3.03,1,1
BM-2107,76,224.51,1,annual,1,3.86,0,0
BM-2108,79,185.25,1,monthly,1,6.15,0,0
BM-2109,4,46.0,3,annual,1,6.05,2,0
BM-2110,53,125.91,1,monthly,0,3.88,0,1
BM-2111,20,217.83,2,monthly,1,1.2,0,1
BM-2112,16,246.71,0,monthly,0,6.2,0,1
BM-2113,25,241.0,2,monthly,0,3.69,1,1
BM-2114,17,92.44,2,monthly,1,6.71,0,1
BM-2115,41,196.59,2,monthly,1,3.96,0,1
BM-2116,83,235.85,2,monthly,0,3.52,1,1
BM-2117,49,88.79,3,biennial,1,5.69,1,0
BM-2118,61,179.57,0,monthly,1,9.88,1,0
BM-2119,41,195.06,1,biennial,1,6.82,2,0
BM-2120,2,163.46,1,monthly,1,5.66,1,1
BM-2121,7,78.13,3,annual,0,6.08,1,0
BM-2122,23,162.09,3,monthly,1,2.07,0,1
BM-2123,21,162.0,2,annual,0,3.27,1,0
BM-2124,70,171.86,0,monthly,0,0.63,0,1
BM-2125,71,149.01,2,monthly,1,8.69,0,0
BM-2126,71,155.63,1,monthly,1,8.3,0,0
BM-2127,53,177.82,1,monthly,0,6.15,2,1
BM-2128,47,204.34,2,biennial,1,5.66,0,0
BM-2129,54,163.26,2,biennial,1,2.45,0,0
BM-2130,34,157.47,4,annual,1,4.98,0,0
BM-2131,56,185.08,3,monthly,0,8.81,0,1
BM-2132,66,74.35,2,biennial,0,5.65,1,0
BM-2133,64,206.24,4,annual,0,4.33,0,0
BM-2134,51,179.97,3,monthly,0,2.06,2,1
BM-2135,5,182.18,2,monthly,0,8.02,1,1
BM-2136,61,232.84,1,annual,0,5.27,2,1
BM-2137,31,72.6,3,monthly,0,2.06,0,0
BM-2138,62,71.44,1,monthly,0,3.64,0,0
BM-2139,45,195.06,2,annual,1,2.97,1,0
BM-2140,74,179.61,2,monthly,1,5.15,1,1
BM-2141,29,189.36,1,monthly,0,5.79,0,1
BM-2142,78,154.58,2,monthly,1,4.44,0,1
BM-2143,71,216.54,0,annual,0,6.88,0,0
BM-2144,28,231.3,3,biennial,0,5.55,0,1
BM-2145,41,206.62,5,annual,1,7.42,2,0
BM-2146,45,165.65,4,annual,0,4.72,1,1
BM-2147,64,64.08,2,annual,0,10.0,1,1
BM-2148,58,222.31,3,annual,0,4.33,1,0
BM-2149,71,247.2,4,monthly,1,3.68,0,1
BM-2150,31,215.45,2,monthly,1,3.45,1,1
BM-2151,42,131.62,4,annual,0,5.0,0,0
BM-2152,36,217.06,3,annual,0,2.13,0,1
BM-2153,76,227.33,3,monthly,0,5.96,1,1
BM-2154,26,265.73,1,biennial,1,1.78,1,0
BM-2155,49,131.81,2,annual,0,5.71,1,0
BM-2156,10,167.54,2,monthly,1,2.83,1,1
BM-2157,71,221.1,1,monthly,1,4.68,1,1
BM-2158,32,183.16,3,monthly,0,6.55,2,1
BM-2159,29,118.55,2,monthly,1,9.78,0,0
BM-2160,49,202.8,1,monthly,0,3.35,0,0
BM-2161,42,211.83,0,monthly,0,5.11,1,1
BM-2162,71,184.84,3,monthly,0,4.02,1,0
BM-2163,45,192.08,4,monthly,1,3.75,1,1
BM-2164,43,165.77,2,annual,1,4.04,0,0
BM-2165,9,261.31,0,annual,1,6.97,0,1
BM-2166,2,130.46,1,monthly,0,4.47,1,1
BM-2167,34,147.7,3,monthly,0,9.67,0,1
BM-2168,83,180.6,1,monthly,1,6.19,0,0
BM-2169,77,228.34,2,monthly,0,3.48,2,0
BM-2170,53,97.64,2,monthly,0,4.7,0,0
BM-2171,53,107.93,1,monthly,1,3.88,0,0
BM-2172,33,67.92,2,monthly,1,6.92,0,1
BM-2173,15,181.8,5,biennial,1,2.29,1,1
BM-2174,1,118.49,3,monthly,0,2.85,2,1
BM-2175,29,158.85,4,annual,0,4.28,0,1
BM-2176,27,216.38,1,monthly,0,6.7,1,0
BM-2177,16,144.72,1,monthly,1,7.74,0,1
BM-2178,22,192.72,0,biennial,0,8.02,1,1
BM-2179,3,163.54,3,monthly,0,6.41,0,1
BM-2180,51,216.97,0,annual,0,5.24,0,0
BM-2181,77,206.13,3,biennial,1,6.91,0,1
BM-2182,58,141.94,1,monthly,1,3.23,1,0
BM-2183,38,170.72,1,monthly,1,1.9,1,0
BM-2184,35,237.41,1,monthly,0,6.23,0,1
BM-2185,26,201.64,0,monthly,1,3.49,0,1
BM-2186,12,103.17,5,monthly,0,5.28,1,1
BM-2187,50,216.06,5,monthly,0,5.63,2,1
BM-2188,48,120.35,3,biennial,0,5.87,0,0
BM-2189,1,257.69,0,annual,1,7.18,1,0
BM-2190,35,236.33,1,monthly,0,6.98,1,1
BM-2191,24,195.94,0,monthly,1,5.77,1,0
BM-2192,15,188.65,5,annual,1,4.56,3,1
BM-2193,59,168.5,1,biennial,0,5.6,0,0
BM-2194,44,217.32,3,monthly,1,4.27,1,1
BM-2195,53,159.61,5,monthly,1,5.03,1,1
BM-2196,60,192.96,4,annual,0,10.0,2,1
BM-2197,82,227.96,4,biennial,1,5.75,0,0
BM-2198,67,149.1,3,biennial,0,6.26,1,0
BM-2199,52,146.11,1,monthly,0,4.06,1,0
BM-2200,73,114.31,1,monthly,1,7.34,0,0
BM-2201,40,121.45,0,monthly,1,6.84,0,1
BM-2202,82,79.44,0,monthly,0,6.86,3,0
BM-2203,64,220.14,5,biennial,0,5.81,2,0
BM-2204,55,279.49,4,monthly,1,7.36,1,1
BM-2205,75,258.39,2,annual,0,7.82,0,0
BM-2206,43,90.57,0,biennial,1,5.94,1,0
BM-2207,60,219.87,3,biennial,1,5.18,2,1
BM-2208,24,258.22,4,annual,1,7.1,0,1
BM-2209,80,154.88,6,biennial,0,3.68,1,0
BM-2210,52,185.58,1,monthly,1,4.04,1,1
BM-2211,65,69.57,5,monthly,0,5.3,0,0
BM-2212,39,194.67,3,monthly,0,2.09,1,1
BM-2213,72,121.5,4,biennial,0,6.97,0,0
BM-2214,7,190.98,2,biennial,0,3.57,0,0
BM-2215,10,94.13,4,monthly,1,4.5,0,1
BM-2216,43,209.86,1,monthly,1,4.99,1,1
BM-2217,61,236.35,4,monthly,1,5.47,0,1
BM-2218,68,136.93,1,monthly,1,4.75,0,0
BM-2219,37,117.47,2,annual,1,5.27,0,0
BM-2220,54,61.42,3,monthly,1,5.29,0,0
BM-2221,46,165.35,2,annual,1,4.55,1,1
BM-2222,80,148.01,3,monthly,1,3.93,1,0
BM-2223,55,94.69,2,monthly,1,7.45,0,0
BM-2224,35,204.92,4,monthly,0,1.4,0,1
BM-2225,81,155.25,0,biennial,1,5.01,2,0
BM-2226,9,120.83,3,annual,0,4.51,1,0
BM-2227,82,149.5,1,monthly,0,6.2,1,0
BM-2228,13,238.92,4,monthly,1,2.64,0,1
BM-2229,24,213.16,1,biennial,0,4.45,0,1
BM-2230,69,172.85,3,annual,0,5.21,0,0
BM-2231,61,214.05,2,annual,0,7.43,1,0
BM-2232,81,116.15,2,annual,0,6.03,1,0
BM-2233,63,181.78,0,biennial,1,3.15,1,0
BM-2234,53,188.1,1,monthly,1,4.47,1,1
BM-2235,29,154.16,2,annual,1,7.08,0,0
BM-2236,1,203.95,2,monthly,1,3.12,0,1
BM-2237,11,137.08,3,annual,1,5.25,1,1
BM-2238,25,208.04,0,biennial,1,5.38,2,1
BM-2239,4,210.35,1,biennial,0,4.67,0,0
BM-2240,43,20.0,1,monthly,1,10.0,0,0
BM-2241,65,245.47,4,monthly,0,4.62,0,1
BM-2242,80,20.0,1,biennial,0,6.25,0,0
BM-2243,41,146.12,2,biennial,1,3.94,1,0
BM-2244,73,236.39,1,annual,0,6.4,0,0
BM-2245,82,162.55,1,monthly,1,7.05,1,1
BM-2246,72,99.36,4,monthly,1,4.28,2,1
BM-2247,39,119.84,2,biennial,0,5.3,1,0
BM-2248,27,236.48,2,annual,0,3.7,2,0
BM-2249,82,74.32,4,annual,1,3.23,1,0
BM-2250,21,242.09,1,annual,1,7.37,2,0
BM-2251,35,176.97,3,monthly,0,4.35,0,0
BM-2252,7,114.42,3,monthly,1,0.81,1,1
BM-2253,66,147.93,2,annual,1,8.75,0,0
BM-2254,54,124.05,1,monthly,1,3.88,0,1
BM-2255,8,227.64,2,annual,0,4.93,0,1
BM-2256,19,220.28,4,annual,1,8.52,1,1
BM-2257,47,85.45,1,annual,1,5.13,1,0
BM-2258,45,157.8,1,monthly,0,5.09,0,1
BM-2259,67,132.52,3,annual,1,3.07,0,0
BM-2260,23,251.14,2,monthly,1,2.29,1,1
BM-2261,77,105.74,3,monthly,1,5.08,0,0
BM-2262,37,268.23,2,monthly,1,6.09,0,1
BM-2263,69,178.17,1,monthly,1,5.98,0,0
BM-2264,20,116.09,2,biennial,1,4.49,0,0
BM-2265,4,142.75,3,biennial,1,5.44,0,0
BM-2266,5,135.91,1,monthly,0,1.91,1,0
BM-2267,31,109.9,3,annual,0,6.27,0,1
BM-2268,80,185.22,2,monthly,0,5.71,2,0
BM-2269,5,112.46,4,annual,1,9.15,2,1
BM-2270,31,60.08,2,biennial,0,5.41,0,0
BM-2271,10,159.12,3,monthly,1,3.61,3,1
BM-2272,78,80.84,5,monthly,1,5.3,1,0
BM-2273,57,138.63,4,monthly,0,4.78,2,1
BM-2274,64,130.0,1,monthly,1,6.23,0,1
BM-2275,60,132.08,0,biennial,1,5.45,1,0
BM-2276,55,290.05,6,monthly,0,3.01,0,1
BM-2277,65,183.1,0,monthly,0,2.29,1,1
BM-2278,1,193.5,1,monthly,0,5.9,0,1
BM-2279,72,82.3,0,biennial,0,8.03,0,0
BM-2280,62,144.03,2,monthly,0,5.55,1,1
BM-2281,62,191.84,3,annual,1,6.95,1,0
BM-2282,33,123.65,3,annual,0,7.32,2,0
BM-2283,67,229.94,0,monthly,0,5.91,0,1
BM-2284,32,113.85,2,monthly,0,3.85,0,1
BM-2285,5,164.25,1,monthly,0,5.77,0,1
BM-2286,76,147.77,0,monthly,1,7.69,1,0
BM-2287,20,189.04,4,annual,0,6.41,0,1
BM-2288,9,144.77,2,annual,0,6.82,1,0
BM-2289,52,165.1,4,monthly,1,4.52,0,0
BM-2290,20,167.01,0,monthly,1,5.02,0,1
BM-2291,72,139.61,2,monthly,1,5.17,0,0
BM-2292,37,206.68,2,monthly,1,5.3,1,1
BM-2293,1,193.11,0,annual,1,7.62,1,0
BM-2294,79,175.13,0,annual,1,0.94,1,0
BM-2295,43,156.32,1,annual,1,5.46,0,0
BM-2296,22,223.81,4,monthly,0,5.25,0,1
BM-2297,57,167.03,2,monthly,1,2.79,0,1
BM-2298,45,163.13,1,monthly,1,6.68,0,1
BM-2299,3,185.76,1,biennial,1,4.02,0,1
BM-2300,64,273.31,1,annual,1,4.72,1,0
BM-2301,34,106.28,0,biennial,1,8.91,1,0
BM-2302,59,222.34,2,monthly,0,7.32,1,1
BM-2303,75,75.88,2,monthly,1,6.49,0,0
BM-2304,51,191.95,2,annual,0,6.12,2,0
BM-2305,56,266.63,1,monthly,1,5.09,0,1
BM-2306,22,206.88,0,annual,1,9.2,1,0
BM-2307,20,189.38,2,monthly,0,6.92,0,1
BM-2308,35,149.18,2,biennial,0,3.98,0,0
BM-2309,71,181.71,0,monthly,0,2.74,0,1
BM-2310,44,166.14,4,biennial,1,6.48,2,1
BM-2311,29,136.77,2,monthly,1,5.29,1,0
BM-2312,65,164.06,1,monthly,1,2.69,2,1
BM-2313,71,190.91,5,monthly,0,6.21,0,1
BM-2314,75,137.8,2,monthly,1,4.89,1,1
BM-2315,25,135.65,1,biennial,1,6.41,3,0
BM-2316,59,105.19,3,biennial,0,6.24,1,0
BM-2317,49,201.49,1,biennial,0,4.24,0,1
BM-2318,38,209.99,0,biennial,1,6.6,0,0
BM-2319,33,192.74,0,annual,0,4.45,0,1
BM-2320,10,233.08,2,monthly,0,4.58,0,1
BM-2321,23,184.83,0,annual,0,4.39,2,0
BM-2322,46,201.56,1,monthly,0,7.55,1,1
BM-2323,74,196.71,0,annual,0,4.87,0,0
BM-2324,72,174.97,1,monthly,0,8.01,0,0
BM-2325,16,150.8,3,annual,1,8.79,1,0
BM-2326,57,301.78,1,monthly,1,4.0,2,1
BM-2327,8,155.14,2,monthly,0,0.5,1,1
BM-2328,57,143.38,1,monthly,1,7.38,0,0
BM-2329,29,203.87,1,monthly,1,4.75,1,1
BM-2330,38,193.85,4,monthly,0,3.75,0,1
BM-2331,60,102.74,5,monthly,0,4.28,0,0
BM-2332,36,241.75,1,monthly,0,4.61,0,1
BM-2333,68,174.82,1,annual,1,7.86,1,0
BM-2334,45,118.9,0,monthly,1,5.7,2,1
BM-2335,83,245.38,4,annual,0,7.84,0,0
BM-2336,53,214.41,4,monthly,1,6.34,1,1
BM-2337,25,110.45,3,monthly,1,4.81,0,1
BM-2338,65,277.75,4,monthly,0,4.66,1,1
BM-2339,34,216.23,2,monthly,1,6.47,1,0
BM-2340,45,179.44,3,monthly,1,6.96,1,1
BM-2341,12,267.46,3,annual,1,7.29,1,1
BM-2342,10,188.76,2,monthly,1,4.9,0,1
BM-2343,48,178.46,1,monthly,1,5.73,2,0
BM-2344,16,143.68,0,monthly,0,6.51,0,0
BM-2345,83,212.0,2,monthly,0,4.67,1,0
BM-2346,72,206.21,3,monthly,1,3.24,2,1
BM-2347,59,180.81,1,annual,0,3.87,0,0
BM-2348,61,136.55,1,monthly,1,4.94,2,1
BM-2349,50,187.15,1,annual,0,6.66,1,0
BM-2350,6,176.16,0,monthly,1,7.79,0,1
BM-2351,33,106.66,1,monthly,1,2.82,1,1
BM-2352,42,99.05,3,monthly,0,4.27,0,0
BM-2353,76,211.08,1,monthly,1,4.72,1,0
BM-2354,19,36.9,2,monthly,0,6.91,0,0
BM-2355,42,191.3,1,annual,1,4.4,1,0
BM-2356,29,153.71,1,annual,1,4.58,1,1
BM-2357,12,251.95,1,monthly,1,2.72,0,1
BM-2358,9,152.86,2,monthly,1,6.32,1,0
BM-2359,31,216.27,4,biennial,1,5.09,3,1
BM-2360,7,158.17,1,monthly,1,4.16,0,1
BM-2361,6,186.26,4,monthly,0,4.91,1,1
BM-2362,30,220.53,1,annual,1,7.54,2,0
BM-2363,17,154.56,2,monthly,1,3.49,0,1
BM-2364,47,234.81,5,monthly,0,3.8,1,1
BM-2365,2,125.35,4,monthly,1,7.78,0,0
BM-2366,26,196.2,0,annual,0,5.54,1,1
BM-2367,38,230.75,1,monthly,1,6.67,0,1
BM-2368,80,216.3,2,annual,0,6.16,0,0
BM-2369,53,285.4,3,monthly,1,5.33,3,1
BM-2370,74,138.01,1,monthly,0,4.74,2,0
BM-2371,29,104.15,0,monthly,1,6.98,0,0
BM-2372,38,125.31,1,annual,0,7.61,0,1
BM-2373,35,216.32,1,monthly,1,7.46,1,1
BM-2374,74,207.39,0,annual,1,3.15,0,0
BM-2375,80,185.62,2,monthly,1,7.88,1,0
BM-2376,80,118.24,1,monthly,0,4.72,1,0
BM-2377,63,222.18,2,monthly,0,3.97,1,1
BM-2378,42,112.64,0,monthly,0,5.08,1,0
BM-2379,45,243.74,4,monthly,1,6.98,1,1
BM-2380,82,337.16,5,annual,0,6.43,0,1
BM-2381,24,200.15,3,biennial,1,4.91,1,0
BM-2382,29,212.07,2,annual,0,6.99,1,1
BM-2383,75,152.89,1,annual,1,5.67,0,0
BM-2384,33,80.44,1,monthly,0,4.31,1,0
BM-2385,20,146.85,4,annual,1,4.05,1,0
BM-2386,47,119.89,3,monthly,0,6.18,2,0
BM-2387,28,100.41,3,annual,0,5.24,0,0
BM-2388,74,274.73,2,annual,0,2.79,0,1
BM-2389,76,195.01,1,monthly,0,7.01,1,0
BM-2390,26,200.88,1,biennial,1,4.49,1,0
BM-2391,44,163.0,3,annual,1,8.43,2,1
BM-2392,82,170.49,3,monthly,1,2.73,0,1
BM-2393,62,233.05,2,biennial,1,5.06,0,1
BM-2394,18,178.22,1,monthly,1,4.07,1,1
BM-2395,50,209.19,5,monthly,0,3.55,1,1
BM-2396,52,169.22,5,monthly,0,4.48,0,1
BM-2397,55,161.18,3,monthly,0,8.76,0,0
BM-2398,3,102.62,3,monthly,0,5.67,1,0
BM-2399,25,71.22,2,biennial,1,3.9,0,0
